Metric,Value
Accuracy,0.7354570637119113
Precision,0.7477373463857502
Recall,0.7354570637119113
F1 Score,0.7322829105138728
