Metric,Value
Accuracy,0.609353507565337
Precision,0.7008495614954032
Recall,0.609353507565337
F1 Score,0.5132096604907638
