Metric,Value
Accuracy,0.538781163434903
Precision,0.5509419408598518
Recall,0.538781163434903
F1 Score,0.44886848892218134
