Metric,Value
Accuracy,0.5873452544704264
Precision,0.35487153836534857
Recall,0.5873452544704264
F1 Score,0.4424292065060579
