model,strategy,accuracy,f1_macro,f1_weighted,f1_fear,f1_joy,f1_neutral,f1_optimism,f1_sadness
Gemma 3 4B,zero-shot,0.6588720770288858,0.3693022695960864,0.6198864094972429,0.09523809523809523,0.0,0.7881773399014779,0.2616033755274262,0.7014925373134329
